allele,seq_num,start,end,length,peptide,ic50,rank
HLA-B*57:01,8,1,9,9,ITLPEKESW,6.45,0.02
HLA-B*57:01,6,1,9,9,ISARTLNAW,10.76,0.03
HLA-B*57:01,44,2,10,9,TTVKAACWW,12.31,0.03
HLA-B*57:01,55,2,10,9,STLAEQVAW,14.7,0.04
HLA-B*57:01,43,2,10,9,TAVKAACWW,15.8,0.05
HLA-B*57:01,54,2,10,9,STLAEQIAW,20.81,0.07
HLA-B*57:01,60,2,10,9,STLQEQMAW,22.1,0.08
HLA-B*57:01,62,2,10,9,STLQEQVGW,24.17,0.09
HLA-B*57:01,66,2,10,9,STLTEQVAW,25.15,0.1
HLA-B*57:01,67,2,10,9,STLVEQIAW,26.9,0.1
HLA-B*57:01,33,1,9,9,MSPRTLNAW,27.5,0.11
HLA-B*57:01,42,2,10,9,NTVKAACWW,28.35,0.11
HLA-B*57:01,64,2,10,9,STLSEQVAW,28.58,0.11
HLA-B*57:01,43,1,10,10,STAVKAACWW,29.74,0.12
HLA-B*57:01,55,1,10,10,TSTLAEQVAW,31.33,0.12
HLA-B*57:01,44,1,10,10,STTVKAACWW,32.3,0.13
HLA-B*57:01,58,2,10,9,STLQEQIGW,34.42,0.14
HLA-B*57:01,71,2,10,9,STVEEQIQW,34.81,0.14
HLA-B*57:01,9,1,9,9,IVLPEKDSW,36.72,0.15
HLA-B*57:01,65,2,10,9,STLTEQIAW,37.56,0.15
HLA-B*57:01,71,1,10,10,TSTVEEQIQW,39.25,0.16
HLA-B*57:01,42,1,10,10,SNTVKAACWW,40.65,0.16
HLA-B*57:01,61,2,10,9,STLQEQVAW,41.73,0.16
HLA-B*57:01,63,2,10,9,STLSEQIAW,42.74,0.17
HLA-B*57:01,54,1,10,10,TSTLAEQIAW,42.85,0.17
HLA-B*57:01,5,1,9,9,IMLPEKDSW,44.41,0.17
HLA-B*57:01,41,1,9,9,RAPRTLNAW,45.63,0.17
HLA-B*57:01,60,1,10,10,TSTLQEQMAW,46.08,0.18
HLA-B*57:01,67,1,10,10,TSTLVEQIAW,48.1,0.19
HLA-B*57:01,66,1,10,10,TSTLTEQVAW,49.26,0.19
HLA-B*57:01,62,1,10,10,TSTLQEQVGW,49.75,0.19
HLA-B*57:01,48,2,10,9,NTLQEQVGW,49.87,0.19
HLA-B*57:01,57,2,10,9,STLQEQIDW,51.0,0.2
HLA-B*57:01,49,1,10,10,TSNLAEQIAW,54.17,0.21
HLA-B*57:01,53,1,10,10,TSNLQEQITW,54.21,0.21
HLA-B*57:01,64,1,10,10,TSTLSEQVAW,54.27,0.21
HLA-B*57:01,7,1,9,9,ISPRTLNAW,54.49,0.21
HLA-B*57:01,59,2,10,9,STLQEQLNW,55.25,0.21
HLA-B*57:01,70,1,10,10,TSTPTEQIGW,55.96,0.22
HLA-B*57:01,69,1,10,10,TSTPQEQLGW,57.7,0.22
HLA-B*57:01,48,1,10,10,TNTLQEQVGW,58.31,0.23
HLA-B*57:01,65,1,10,10,TSTLTEQIAW,61.64,0.24
HLA-B*57:01,56,2,10,9,STLQEQIAW,62.37,0.24
HLA-B*57:01,58,1,10,10,TSTLQEQIGW,66.77,0.26
HLA-B*57:01,63,1,10,10,TSTLSEQIAW,68.87,0.27
HLA-B*57:01,32,1,9,9,LTPRTLNAW,72.03,0.28
HLA-B*57:01,61,1,10,10,TSTLQEQVAW,75.23,0.29
HLA-B*57:01,59,1,10,10,TSTLQEQLNW,75.4,0.29
HLA-B*57:01,46,2,10,9,NTLQEQIGW,75.43,0.29
HLA-B*57:01,31,1,9,9,LSPRTLNAW,76.77,0.3
HLA-B*57:01,1,1,9,9,HTQGFFPDW,80.92,0.32
HLA-B*57:01,46,1,10,10,TNTLQEQIGW,88.68,0.34
HLA-B*57:01,57,1,10,10,TSTLQEQIDW,89.55,0.34
HLA-B*57:01,51,1,10,10,TSNLQEQIGW,89.61,0.34
HLA-B*57:01,47,2,10,9,NTLQEQVAW,92.49,0.34
HLA-B*57:01,47,1,10,10,TNTLQEQVAW,93.81,0.35
HLA-B*57:01,56,1,10,10,TSTLQEQIAW,95.61,0.35
HLA-B*57:01,68,1,10,10,TSTPQEQIGW,96.85,0.35
HLA-B*57:01,73,1,9,9,VTPRTLNAW,121.58,0.44
HLA-B*57:01,50,1,10,10,TSNLQEQIAW,125.29,0.45
HLA-B*57:01,72,1,9,9,VSPRTLNAW,129.05,0.46
HLA-B*57:01,52,1,10,10,TSNLQEQINW,139.34,0.48
HLA-B*57:01,45,2,10,9,NTLQEQIAW,140.17,0.48
HLA-B*57:01,45,1,10,10,TNTLQEQIAW,143.59,0.49
HLA-B*57:01,43,1,9,9,STAVKAACW,170.36,0.55
HLA-B*57:01,2,1,9,9,HTQGYFPDW,206.41,0.62
HLA-B*57:01,40,1,11,11,RAFSPEVIPMF,276.18,0.75
HLA-B*57:01,16,1,11,11,KAFSPEVIPMF,282.9,0.77
HLA-B*57:01,8,2,9,8,TLPEKESW,284.25,0.77
HLA-B*57:01,44,1,9,9,STTVKAACW,294.84,0.8
HLA-B*57:01,44,2,9,8,TTVKAACW,305.4,0.81
HLA-B*57:01,19,1,11,11,KAFSQEVIPMF,326.75,0.85
HLA-B*57:01,15,1,11,11,KAFSPEIIPMF,340.84,0.86
HLA-B*57:01,42,3,10,8,TVKAACWW,341.23,0.86
HLA-B*57:01,44,3,10,8,TVKAACWW,341.23,0.86
HLA-B*57:01,40,1,10,10,RAFSPEVIPM,342.32,0.87
HLA-B*57:01,14,1,11,11,KAFNPEVIPMF,348.44,0.87
HLA-B*57:01,16,1,10,10,KAFSPEVIPM,354.27,0.88
HLA-B*57:01,17,1,11,11,KAFSPEVIPVF,357.04,0.89
HLA-B*57:01,55,3,10,8,TLAEQVAW,369.31,0.91
HLA-B*57:01,39,1,9,9,QASQEVKNW,370.95,0.91
HLA-B*57:01,14,1,10,10,KAFNPEVIPM,401.25,0.96
HLA-B*57:01,13,1,11,11,KAFNPEIIPMF,406.52,0.96
HLA-B*57:01,38,1,9,9,QASQDVKNW,407.56,0.96
HLA-B*57:01,15,1,10,10,KAFSPEIIPM,424.17,0.99
HLA-B*57:01,13,1,10,10,KAFNPEIIPM,466.29,1.2
HLA-B*57:01,12,1,9,9,KAALDLSHF,488.42,1.2
HLA-B*57:01,18,1,11,11,KAFSPGVIPMF,501.87,1.2
HLA-B*57:01,19,1,10,10,KAFSQEVIPM,510.75,1.3
HLA-B*57:01,43,2,9,8,TAVKAACW,522.64,1.3
HLA-B*57:01,60,3,10,8,TLQEQMAW,529.83,1.3
HLA-B*57:01,69,2,10,9,STPQEQLGW,543.82,1.3
HLA-B*57:01,70,2,10,9,STPTEQIGW,551.27,1.3
HLA-B*57:01,54,3,10,8,TLAEQIAW,568.04,1.3
HLA-B*57:01,43,3,10,8,AVKAACWW,570.64,1.3
HLA-B*57:01,6,2,9,8,SARTLNAW,580.44,1.3
HLA-B*57:01,20,1,11,11,KALSPEVIPMF,608.41,1.4
HLA-B*57:01,20,1,10,10,KALSPEVIPM,666.9,1.4
HLA-B*57:01,18,1,10,10,KAFSPGVIPM,671.06,1.4
HLA-B*57:01,62,3,10,8,TLQEQVGW,672.48,1.4
HLA-B*57:01,48,3,10,8,TLQEQVGW,672.48,1.4
HLA-B*57:01,53,2,10,9,SNLQEQITW,696.62,1.5
HLA-B*57:01,11,1,9,9,KAAFDLSFF,730.52,1.5
HLA-B*57:01,64,3,10,8,TLSEQVAW,758.85,1.5
HLA-B*57:01,68,2,10,9,STPQEQIGW,778.39,1.6
HLA-B*57:01,71,3,10,8,TVEEQIQW,779.68,1.6
HLA-B*57:01,66,3,10,8,TLTEQVAW,793.3,1.6
HLA-B*57:01,29,2,9,8,RAVRIIKF,835.69,1.6
HLA-B*57:01,49,2,10,9,SNLAEQIAW,836.18,1.6
HLA-B*57:01,67,3,10,8,TLVEQIAW,895.18,1.7
HLA-B*57:01,42,2,9,8,NTVKAACW,924.46,1.7
HLA-B*57:01,58,3,10,8,TLQEQIGW,993.57,1.8
HLA-B*57:01,46,3,10,8,TLQEQIGW,993.57,1.8
HLA-B*57:01,61,3,10,8,TLQEQVAW,1053.14,1.9
HLA-B*57:01,47,3,10,8,TLQEQVAW,1053.14,1.9
HLA-B*57:01,34,1,9,9,NTQGFFPDW,1093.1,1.9
HLA-B*57:01,63,3,10,8,TLSEQIAW,1106.98,1.9
HLA-B*57:01,65,3,10,8,TLTEQIAW,1160.24,2.0
HLA-B*57:01,10,1,9,9,KAAFDLGFF,1299.45,2.1
HLA-B*57:01,51,2,10,9,SNLQEQIGW,1351.43,2.2
HLA-B*57:01,45,3,10,8,TLQEQIAW,1473.92,2.3
HLA-B*57:01,56,3,10,8,TLQEQIAW,1473.92,2.3
HLA-B*57:01,57,3,10,8,TLQEQIDW,1504.21,2.3
HLA-B*57:01,36,1,9,9,PSPRTLNAW,1527.45,2.4
HLA-B*57:01,59,3,10,8,TLQEQLNW,1649.43,2.5
HLA-B*57:01,4,1,9,9,IELPEKDSW,1872.31,2.7
HLA-B*57:01,50,2,10,9,SNLQEQIAW,1890.03,2.7
HLA-B*57:01,17,1,9,9,KAFSPEVIP,2223.24,3.0
HLA-B*57:01,16,1,9,9,KAFSPEVIP,2223.24,3.0
HLA-B*57:01,39,2,9,8,ASQEVKNW,2271.46,3.0
HLA-B*57:01,14,1,9,9,KAFNPEVIP,2295.1,3.1
HLA-B*57:01,35,1,9,9,NTQGYFPDW,2317.18,3.1
HLA-B*57:01,40,1,9,9,RAFSPEVIP,2343.46,3.1
HLA-B*57:01,70,1,9,9,TSTPTEQIG,2381.7,3.1
HLA-B*57:01,69,1,9,9,TSTPQEQLG,2457.67,3.2
HLA-B*57:01,52,2,10,9,SNLQEQINW,2472.82,3.2
HLA-B*57:01,19,1,9,9,KAFSQEVIP,2515.67,3.2
HLA-B*57:01,5,2,9,8,MLPEKDSW,2550.01,3.3
HLA-B*57:01,17,1,10,10,KAFSPEVIPV,2639.65,3.4
HLA-B*57:01,20,3,11,9,LSPEVIPMF,2660.09,3.4
HLA-B*57:01,19,3,11,9,FSQEVIPMF,2685.45,3.4
HLA-B*57:01,15,1,9,9,KAFSPEIIP,3020.81,3.6
HLA-B*57:01,13,1,9,9,KAFNPEIIP,3150.7,3.8
HLA-B*57:01,20,1,9,9,KALSPEVIP,3420.32,4.0
HLA-B*57:01,26,1,10,10,KGFSPEVIPM,3544.62,4.1
HLA-B*57:01,24,1,10,10,KGFKPEVIPM,3689.32,4.2
HLA-B*57:01,18,1,9,9,KAFSPGVIP,3741.49,4.3
HLA-B*57:01,68,1,9,9,TSTPQEQIG,3788.26,4.3
HLA-B*57:01,24,1,11,11,KGFKPEVIPMF,3897.48,4.4
HLA-B*57:01,38,2,9,8,ASQDVKNW,3930.04,4.4
HLA-B*57:01,11,1,8,8,KAAFDLSF,4028.46,4.5
HLA-B*57:01,25,1,10,10,KGFNPEVIPM,4056.45,4.5
HLA-B*57:01,26,1,11,11,KGFSPEVIPMF,4198.36,4.6
HLA-B*57:01,25,1,11,11,KGFNPEVIPMF,4706.79,5.1
HLA-B*57:01,40,1,8,8,RAFSPEVI,5314.02,5.7
HLA-B*57:01,7,2,9,8,SPRTLNAW,5405.77,5.7
HLA-B*57:01,31,2,9,8,SPRTLNAW,5405.77,5.7
HLA-B*57:01,36,2,9,8,SPRTLNAW,5405.77,5.7
HLA-B*57:01,72,2,9,8,SPRTLNAW,5405.77,5.7
HLA-B*57:01,33,2,9,8,SPRTLNAW,5405.77,5.7
HLA-B*57:01,16,1,8,8,KAFSPEVI,5449.46,5.8
HLA-B*57:01,17,1,8,8,KAFSPEVI,5449.46,5.8
HLA-B*57:01,37,1,9,9,QAALDLSHF,5526.71,5.9
HLA-B*57:01,23,1,9,9,KGALDLSHF,5596.27,5.9
HLA-B*57:01,19,2,11,10,AFSQEVIPMF,5774.65,6.1
HLA-B*57:01,9,2,9,8,VLPEKDSW,6066.57,6.3
HLA-B*57:01,15,1,8,8,KAFSPEII,6072.81,6.4
HLA-B*57:01,14,1,8,8,KAFNPEVI,6088.87,6.4
HLA-B*57:01,27,1,10,10,KNFSPEVIPM,6143.66,6.4
HLA-B*57:01,73,2,9,8,TPRTLNAW,6454.1,6.7
HLA-B*57:01,32,2,9,8,TPRTLNAW,6454.1,6.7
HLA-B*57:01,22,1,9,9,KGAFDLSFF,6548.21,6.8
HLA-B*57:01,19,1,8,8,KAFSQEVI,6554.09,6.8
HLA-B*57:01,30,2,9,8,RAVRIIKI,6630.99,6.9
HLA-B*57:01,28,2,9,8,KAVRIIKI,6681.04,6.9
HLA-B*57:01,13,1,8,8,KAFNPEII,6814.79,7.0
HLA-B*57:01,18,3,11,9,FSPGVIPMF,6923.08,7.1
HLA-B*57:01,20,2,11,10,ALSPEVIPMF,6966.05,7.2
HLA-B*57:01,15,3,11,9,FSPEIIPMF,6970.2,7.2
HLA-B*57:01,40,3,11,9,FSPEVIPMF,7236.87,7.4
HLA-B*57:01,26,3,11,9,FSPEVIPMF,7236.87,7.4
HLA-B*57:01,16,3,11,9,FSPEVIPMF,7236.87,7.4
HLA-B*57:01,27,3,11,9,FSPEVIPMF,7236.87,7.4
HLA-B*57:01,27,1,11,11,KNFSPEVIPMF,7373.53,7.6
HLA-B*57:01,10,1,8,8,KAAFDLGF,7514.22,7.7
HLA-B*57:01,62,1,9,9,TSTLQEQVG,7842.67,8.0
HLA-B*57:01,53,3,10,8,NLQEQITW,8000.11,8.2
HLA-B*57:01,42,1,9,9,SNTVKAACW,8002.54,8.2
HLA-B*57:01,17,3,11,9,FSPEVIPVF,8062.94,8.2
HLA-B*57:01,58,1,9,9,TSTLQEQIG,8090.56,8.3
HLA-B*57:01,20,1,8,8,KALSPEVI,8446.75,8.6
HLA-B*57:01,18,1,8,8,KAFSPGVI,8459.28,8.6
HLA-B*57:01,21,1,9,9,KGAFDLGFF,8466.51,8.7
HLA-B*57:01,69,3,10,8,TPQEQLGW,8671.87,8.9
HLA-B*57:01,51,1,9,9,TSNLQEQIG,8671.96,8.9
HLA-B*57:01,59,1,9,9,TSTLQEQLN,8956.52,9.1
HLA-B*57:01,41,2,9,8,APRTLNAW,9240.31,9.5
HLA-B*57:01,49,3,10,8,NLAEQIAW,9355.39,9.6
HLA-B*57:01,70,3,10,8,TPTEQIGW,9728.77,9.9
HLA-B*57:01,34,2,9,8,TQGFFPDW,9734.99,9.9
HLA-B*57:01,1,2,9,8,TQGFFPDW,9734.99,9.9
HLA-B*57:01,26,2,11,10,GFSPEVIPMF,9831.63,10
HLA-B*57:01,68,3,10,8,TPQEQIGW,10011.65,12
HLA-B*57:01,24,1,9,9,KGFKPEVIP,10207.55,12
HLA-B*57:01,26,1,9,9,KGFSPEVIP,10561.56,12
HLA-B*57:01,17,2,11,10,AFSPEVIPVF,10610.47,12
HLA-B*57:01,52,1,9,9,TSNLQEQIN,10754.48,12
HLA-B*57:01,67,1,9,9,TSTLVEQIA,10783.49,12
HLA-B*57:01,25,1,9,9,KGFNPEVIP,10785.25,12
HLA-B*57:01,27,2,11,10,NFSPEVIPMF,10912.83,13
HLA-B*57:01,15,2,11,10,AFSPEIIPMF,11133.47,13
HLA-B*57:01,18,2,11,10,AFSPGVIPMF,11244.61,13
HLA-B*57:01,40,2,11,10,AFSPEVIPMF,11547.05,13
HLA-B*57:01,16,2,11,10,AFSPEVIPMF,11547.05,13
HLA-B*57:01,55,1,9,9,TSTLAEQVA,11955.01,14
HLA-B*57:01,49,1,9,9,TSNLAEQIA,12166.93,14
HLA-B*57:01,66,1,9,9,TSTLTEQVA,12190.26,14
HLA-B*57:01,57,1,9,9,TSTLQEQID,12194.61,14
HLA-B*57:01,51,3,10,8,NLQEQIGW,12357.99,14
HLA-B*57:01,54,1,9,9,TSTLAEQIA,12364.41,14
HLA-B*57:01,50,3,10,8,NLQEQIAW,12390.39,14
HLA-B*57:01,22,2,9,8,GAFDLSFF,12394.54,14
HLA-B*57:01,65,1,9,9,TSTLTEQIA,12625.45,15
HLA-B*57:01,71,1,9,9,TSTVEEQIQ,12872.63,15
HLA-B*57:01,70,1,8,8,TSTPTEQI,12911.83,15
HLA-B*57:01,11,2,9,8,AAFDLSFF,13238.61,15
HLA-B*57:01,64,1,9,9,TSTLSEQVA,13569.55,16
HLA-B*57:01,53,1,9,9,TSNLQEQIT,13709.9,16
HLA-B*57:01,21,2,9,8,GAFDLGFF,13767.58,16
HLA-B*57:01,63,1,9,9,TSTLSEQIA,13954.75,16
HLA-B*57:01,69,1,8,8,TSTPQEQL,13992.23,16
HLA-B*57:01,35,2,9,8,TQGYFPDW,14182.92,17
HLA-B*57:01,2,2,9,8,TQGYFPDW,14182.92,17
HLA-B*57:01,27,1,9,9,KNFSPEVIP,14456.22,17
HLA-B*57:01,50,1,9,9,TSNLQEQIA,14472.02,17
HLA-B*57:01,61,1,9,9,TSTLQEQVA,14490.35,17
HLA-B*57:01,10,2,9,8,AAFDLGFF,14835.55,18
HLA-B*57:01,20,2,10,9,ALSPEVIPM,14908.94,18
HLA-B*57:01,56,1,9,9,TSTLQEQIA,14931.05,18
HLA-B*57:01,52,3,10,8,NLQEQINW,15051.89,18
HLA-B*57:01,60,1,9,9,TSTLQEQMA,15594.65,19
HLA-B*57:01,60,1,8,8,TSTLQEQM,15690.27,19
HLA-B*57:01,68,1,8,8,TSTPQEQI,15700.12,19
HLA-B*57:01,62,2,9,8,STLQEQVG,16464.38,20
HLA-B*57:01,67,1,8,8,TSTLVEQI,17283.24,21
HLA-B*57:01,58,2,9,8,STLQEQIG,17321.24,21
HLA-B*57:01,26,2,10,9,GFSPEVIPM,17473.15,22
HLA-B*57:01,71,1,8,8,TSTVEEQI,17649.47,22
HLA-B*57:01,22,1,8,8,KGAFDLSF,18061.54,23
HLA-B*57:01,27,2,10,9,NFSPEVIPM,18561.17,23
HLA-B*57:01,20,3,10,8,LSPEVIPM,18709.98,24
HLA-B*57:01,23,2,9,8,GALDLSHF,18793.78,24
HLA-B*57:01,59,1,8,8,TSTLQEQL,18822.67,24
HLA-B*57:01,24,1,8,8,KGFKPEVI,18927.65,24
HLA-B*57:01,26,1,8,8,KGFSPEVI,19129.82,24
HLA-B*57:01,15,2,10,9,AFSPEIIPM,19224.64,25
HLA-B*57:01,49,1,8,8,TSNLAEQI,19303.85,25
HLA-B*57:01,54,1,8,8,TSTLAEQI,19444.51,25
HLA-B*57:01,40,2,10,9,AFSPEVIPM,19473.13,25
HLA-B*57:01,16,2,10,9,AFSPEVIPM,19473.13,25
HLA-B*57:01,65,1,8,8,TSTLTEQI,19614.4,25
HLA-B*57:01,19,4,11,8,SQEVIPMF,19796.26,26
HLA-B*57:01,25,1,8,8,KGFNPEVI,19867.07,26
HLA-B*57:01,53,1,8,8,TSNLQEQI,19941.8,26
HLA-B*57:01,51,1,8,8,TSNLQEQI,19941.8,26
HLA-B*57:01,50,1,8,8,TSNLQEQI,19941.8,26
HLA-B*57:01,52,1,8,8,TSNLQEQI,19941.8,26
HLA-B*57:01,12,2,9,8,AALDLSHF,19957.12,26
HLA-B*57:01,37,2,9,8,AALDLSHF,19957.12,26
HLA-B*57:01,59,2,9,8,STLQEQLN,20036.52,26
HLA-B*57:01,57,1,8,8,TSTLQEQI,20172.92,27
HLA-B*57:01,58,1,8,8,TSTLQEQI,20172.92,27
HLA-B*57:01,56,1,8,8,TSTLQEQI,20172.92,27
HLA-B*57:01,48,2,9,8,NTLQEQVG,20603.06,27
HLA-B*57:01,69,2,9,8,STPQEQLG,20647.24,28
HLA-B*57:01,19,2,10,9,AFSQEVIPM,20690.18,28
HLA-B*57:01,70,2,9,8,STPTEQIG,20752.73,28
HLA-B*57:01,63,1,8,8,TSTLSEQI,20777.89,28
HLA-B*57:01,18,2,10,9,AFSPGVIPM,21071.53,28
HLA-B*57:01,25,2,10,9,GFNPEVIPM,21108.27,29
HLA-B*57:01,46,2,9,8,NTLQEQIG,21330.28,29
HLA-B*57:01,8,1,8,8,ITLPEKES,21428.59,29
HLA-B*57:01,29,1,9,9,LRAVRIIKF,21857.34,30
HLA-B*57:01,17,2,10,9,AFSPEVIPV,21923.91,30
HLA-B*57:01,25,2,11,10,GFNPEVIPMF,21923.91,30
HLA-B*57:01,55,2,9,8,STLAEQVA,22214.02,31
HLA-B*57:01,21,1,8,8,KGAFDLGF,22428.97,32
HLA-B*57:01,15,3,10,8,FSPEIIPM,22822.61,32
HLA-B*57:01,13,2,10,9,AFNPEIIPM,22830.01,33
HLA-B*57:01,6,1,8,8,ISARTLNA,22876.99,33
HLA-B*57:01,24,2,10,9,GFKPEVIPM,23000.84,33
HLA-B*57:01,54,2,9,8,STLAEQIA,23070.12,33
HLA-B*57:01,14,2,10,9,AFNPEVIPM,23091.35,33
HLA-B*57:01,19,3,10,8,FSQEVIPM,23225.66,34
HLA-B*57:01,68,2,9,8,STPQEQIG,23370.87,34
HLA-B*57:01,26,3,10,8,FSPEVIPM,23626.12,35
HLA-B*57:01,16,3,10,8,FSPEVIPM,23626.12,35
HLA-B*57:01,40,3,10,8,FSPEVIPM,23626.12,35
HLA-B*57:01,27,3,10,8,FSPEVIPM,23626.12,35
HLA-B*57:01,27,1,8,8,KNFSPEVI,23643.0,35
HLA-B*57:01,12,1,8,8,KAALDLSH,23762.5,35
HLA-B*57:01,13,2,11,10,AFNPEIIPMF,24165.18,36
HLA-B*57:01,55,1,8,8,TSTLAEQV,24191.59,36
HLA-B*57:01,66,1,8,8,TSTLTEQV,24195.77,36
HLA-B*57:01,64,2,9,8,STLSEQVA,24328.35,37
HLA-B*57:01,13,3,11,9,FNPEIIPMF,24340.2,37
HLA-B*57:01,14,2,11,10,AFNPEVIPMF,24403.47,37
HLA-B*57:01,57,2,9,8,STLQEQID,24434.13,37
HLA-B*57:01,14,3,11,9,FNPEVIPMF,24473.54,37
HLA-B*57:01,25,3,11,9,FNPEVIPMF,24473.54,37
HLA-B*57:01,4,2,9,8,ELPEKDSW,24474.35,37
HLA-B*57:01,24,2,11,10,GFKPEVIPMF,24546.75,37
HLA-B*57:01,3,1,9,9,IAPRTLNAR,24609.25,37
HLA-B*57:01,61,1,8,8,TSTLQEQV,24962.97,38
HLA-B*57:01,62,1,8,8,TSTLQEQV,24962.97,38
HLA-B*57:01,28,1,9,9,LKAVRIIKI,25067.17,39
HLA-B*57:01,63,2,9,8,STLSEQIA,25151.92,39
HLA-B*57:01,17,4,11,8,SPEVIPVF,25173.16,39
HLA-B*57:01,64,1,8,8,TSTLSEQV,25266.49,39
HLA-B*57:01,48,1,9,9,TNTLQEQVG,25609.7,40
HLA-B*57:01,30,1,9,9,LRAVRIIKI,25615.51,40
HLA-B*57:01,1,1,8,8,HTQGFFPD,25719.67,41
HLA-B*57:01,66,2,9,8,STLTEQVA,25729.12,41
HLA-B*57:01,61,2,9,8,STLQEQVA,25772.6,41
HLA-B*57:01,18,3,10,8,FSPGVIPM,25801.34,41
HLA-B*57:01,18,4,11,8,SPGVIPMF,25828.97,41
HLA-B*57:01,46,1,9,9,TNTLQEQIG,26045.07,42
HLA-B*57:01,60,2,9,8,STLQEQMA,26163.42,42
HLA-B*57:01,15,4,11,8,SPEIIPMF,26184.08,42
HLA-B*57:01,71,2,9,8,STVEEQIQ,26396.28,43
HLA-B*57:01,43,1,8,8,STAVKAAC,26446.31,43
HLA-B*57:01,65,2,9,8,STLTEQIA,26455.76,43
HLA-B*57:01,67,2,9,8,STLVEQIA,26464.34,43
HLA-B*57:01,26,4,11,8,SPEVIPMF,26505.61,43
HLA-B*57:01,16,4,11,8,SPEVIPMF,26505.61,43
HLA-B*57:01,20,4,11,8,SPEVIPMF,26505.61,43
HLA-B*57:01,40,4,11,8,SPEVIPMF,26505.61,43
HLA-B*57:01,27,4,11,8,SPEVIPMF,26505.61,43
HLA-B*57:01,56,2,9,8,STLQEQIA,26531.43,43
HLA-B*57:01,24,3,11,9,FKPEVIPMF,27139.42,45
HLA-B*57:01,39,1,8,8,QASQEVKN,27535.15,46
HLA-B*57:01,38,1,8,8,QASQDVKN,27904.05,48
HLA-B*57:01,44,1,8,8,STTVKAAC,28433.14,50
HLA-B*57:01,17,3,10,8,FSPEVIPV,28556.47,50
HLA-B*57:01,47,2,9,8,NTLQEQVA,28640.62,50
HLA-B*57:01,2,1,8,8,HTQGYFPD,28723.47,51
HLA-B*57:01,33,1,8,8,MSPRTLNA,28787.88,51
HLA-B*57:01,42,1,8,8,SNTVKAAC,29064.87,52
HLA-B*57:01,47,1,9,9,TNTLQEQVA,29107.99,52
HLA-B*57:01,16,2,9,8,AFSPEVIP,29231.39,53
HLA-B*57:01,40,2,9,8,AFSPEVIP,29231.39,53
HLA-B*57:01,17,2,9,8,AFSPEVIP,29231.39,53
HLA-B*57:01,45,2,9,8,NTLQEQIA,29296.3,53
HLA-B*57:01,45,1,9,9,TNTLQEQIA,29545.86,54
HLA-B*57:01,45,1,8,8,TNTLQEQI,29598.34,54
HLA-B*57:01,46,1,8,8,TNTLQEQI,29598.34,54
HLA-B*57:01,19,2,9,8,AFSQEVIP,29954.65,55
HLA-B*57:01,15,2,9,8,AFSPEIIP,30227.17,56
HLA-B*57:01,34,1,8,8,NTQGFFPD,30232.06,56
HLA-B*57:01,20,2,9,8,ALSPEVIP,30398.38,57
HLA-B*57:01,51,2,9,8,SNLQEQIG,30660.31,58
HLA-B*57:01,14,2,9,8,AFNPEVIP,30810.96,59
HLA-B*57:01,7,1,8,8,ISPRTLNA,31117.16,60
HLA-B*57:01,24,4,11,8,KPEVIPMF,31468.61,62
HLA-B*57:01,26,2,9,8,GFSPEVIP,31477.8,62
HLA-B*57:01,13,2,9,8,AFNPEIIP,31757.64,63
HLA-B*57:01,27,2,9,8,NFSPEVIP,31961.71,64
HLA-B*57:01,18,2,9,8,AFSPGVIP,32086.1,65
HLA-B*57:01,35,1,8,8,NTQGYFPD,32206.09,65
HLA-B*57:01,52,2,9,8,SNLQEQIN,32231.19,65
HLA-B*57:01,13,3,10,8,FNPEIIPM,32309.4,66
HLA-B*57:01,25,3,10,8,FNPEVIPM,32502.59,66
HLA-B*57:01,14,3,10,8,FNPEVIPM,32502.59,66
HLA-B*57:01,49,2,9,8,SNLAEQIA,32835.58,68
HLA-B*57:01,31,1,8,8,LSPRTLNA,33126.4,69
HLA-B*57:01,48,1,8,8,TNTLQEQV,33417.64,71
HLA-B*57:01,47,1,8,8,TNTLQEQV,33417.64,71
HLA-B*57:01,37,1,8,8,QAALDLSH,33472.64,71
HLA-B*57:01,53,2,9,8,SNLQEQIT,33713.98,72
HLA-B*57:01,25,2,9,8,GFNPEVIP,33728.57,72
HLA-B*57:01,72,1,8,8,VSPRTLNA,33917.04,73
HLA-B*57:01,23,1,8,8,KGALDLSH,33964.77,73
HLA-B*57:01,41,1,8,8,RAPRTLNA,34172.69,74
HLA-B*57:01,50,2,9,8,SNLQEQIA,34251.52,75
HLA-B*57:01,24,3,10,8,FKPEVIPM,34675.5,77
HLA-B*57:01,32,1,8,8,LTPRTLNA,35173.16,79
HLA-B*57:01,24,2,9,8,GFKPEVIP,35309.66,80
HLA-B*57:01,3,1,8,8,IAPRTLNA,35766.45,82
HLA-B*57:01,13,4,11,8,NPEIIPMF,35838.11,82
HLA-B*57:01,73,1,8,8,VTPRTLNA,35991.61,83
HLA-B*57:01,25,4,11,8,NPEVIPMF,36014.96,83
HLA-B*57:01,14,4,11,8,NPEVIPMF,36014.96,83
HLA-B*57:01,5,1,8,8,IMLPEKDS,36573.76,85
HLA-B*57:01,9,1,8,8,IVLPEKDS,37166.96,88
HLA-B*57:01,36,1,8,8,PSPRTLNA,37977.96,91
HLA-B*57:01,30,1,8,8,LRAVRIIK,38034.7,91
HLA-B*57:01,29,1,8,8,LRAVRIIK,38034.7,91
HLA-B*57:01,28,1,8,8,LKAVRIIK,38694.7,94
HLA-B*57:01,3,2,9,8,APRTLNAR,41195.88,100
HLA-B*57:01,4,1,8,8,IELPEKDS,41672.87,100
